anuncios,cliques
107,315
184,613
97,352
19,98
111,322
76,231
193,631
25,119
107,323
126,396
79,375
92,247
121,420
104,387
108,343
156,539
135,446
154,467
57,197
6,81
92,293
162,581
42,30
134,462
196,631
192,602
25,84
165,448
62,341
26,97
93,357
53,149
63,169
174,161
192,651
19,74
194,600
194,641
179,577
194,660
55,148
112,345
59,173
68,159
135,444
55,186
139,445
25,71
77,190
171,530
22,57
136,403
93,291
64,221
18,133
13,49
94,311
57,179
134,352
88,281
96,310
115,467
192,607
176,575
12,37
179,526
39,171
85,302
168,171
54,136
108,402
136,379
6,43
138,529
58,146
110,329
8,30
58,165
195,562
150,483
48,111
166,165
194,584
18,120
99,285
52,154
19,93
194,572
44,150
86,327
115,304
57,190
28,100
158,537
192,565
128,357
45,165
161,527
19,71
49,307
